epoch,time,train/box_loss,train/cls_loss,train/dfl_loss,metrics/precision(B),metrics/recall(B),metrics/mAP50(B),metrics/mAP50-95(B),val/box_loss,val/cls_loss,val/dfl_loss,lr/pg0,lr/pg1,lr/pg2
1,998.944,1.04249,2.03923,1.52562,0.7384,0.72856,0.71972,0.55306,1.20616,1.76379,1.83863,0.00041522,0.00041522,0.00041522
2,1879.63,1.0054,1.52069,1.46184,0.62315,0.73849,0.71844,0.54616,1.10859,1.61194,1.64126,0.000798944,0.000798944,0.000798944
3,2654.36,0.97492,1.39232,1.42696,0.67164,0.81259,0.75573,0.5692,1.14071,1.44944,1.58999,0.00114967,0.00114967,0.00114967
